{"cameraMode":{"drawMode":0,"name":"Shaded","section":"Shading Mode"},"sceneLighting":true,"audioPlay":false,"sceneViewState":{"m_AlwaysRefresh":false,"showFog":true,"showSkybox":true,"showFlares":true,"showImageEffects":true,"showParticleSystems":true,"showVisualEffectGraphs":true,"m_FxEnabled":true},"in2DMode":false,"pivot":{"x":-6.363694667816162,"y":0.5678845643997192,"z":-2.1296896934509279},"rotation":{"x":0.043563634157180789,"y":-0.9064868092536926,"z":0.09436732530593872,"w":0.4096742868423462},"size":7.151918888092041,"orthographic":false}