{"cameraMode":{"drawMode":0,"name":"Shaded","section":"Shading Mode"},"sceneLighting":true,"audioPlay":false,"sceneViewState":{"m_AlwaysRefresh":false,"showFog":true,"showSkybox":true,"showFlares":true,"showImageEffects":true,"showParticleSystems":true,"showVisualEffectGraphs":true,"m_FxEnabled":true},"in2DMode":false,"pivot":{"x":3.318434238433838,"y":-0.6655994653701782,"z":17.387239456176759},"rotation":{"x":-0.14082050323486329,"y":-0.29173851013183596,"z":0.04346100240945816,"w":-0.9451069235801697},"size":8.657033920288086,"orthographic":false}